{
  "Mono-Italic-Latin1": 330.992,
  "Mono-Italic-Latin2": 149.24700000000007,
  "Mono-Italic-Latin3": 304.098,
  "Mono-Italic-Pi": 469.3220000000001,
  "Mono-Italic": 1042.867,
  "Mono-Regular-Latin1": 378.106,
  "Mono-Regular-Latin2": 544.863,
  "Mono-Regular-Latin3": 551.742,
  "Mono-Regular-Pi": 555.69,
  "Mono-Regular": 1178.081,
  "Mono": 983.8470000000001,
  "Sans-Italic-Latin1": 579.892,
  "Sans-Italic-Latin2": 460.78100000000006,
  "Sans-Italic-Latin3": 300.2380000000001,
  "Sans-Italic-Pi": 444.976,
  "Sans-Italic": 932.4170000000001,
  "Sans-Light-Latin1": 79.91499999999999,
  "Sans-Light-Latin2": 427.31000000000006,
  "Sans-Light-Latin3": 203.76000000000005,
  "Sans-Light-Pi": 294.342,
  "Sans-Light": 845.3970000000002,
  "Sans-Light-Italic-Latin1": 215.62099999999995,
  "Sans-Light-Italic-Latin2": 312.93500000000006,
  "Sans-Light-Italic-Latin3": 344.83900000000006,
  "Sans-Light-Italic-Pi": 331.53900000000004,
  "Sans-Light-Italic": 959.3990000000001,
  "Sans-Regular-Latin1": 321.12800000000004,
  "Sans-Regular-Latin2": 312.17600000000004,
  "Sans-Regular-Latin3": 171.34900000000002,
  "Sans-Regular-Pi": 243.35400000000004,
  "Sans-Regular": 853.6880000000001,
  "Sans-SemiBold-Latin1": 130.885,
  "Sans-SemiBold-Latin2": 116.50699999999999,
  "Sans-SemiBold-Latin3": 113.69100000000012,
  "Sans-SemiBold-Pi": 118.99300000000001,
  "Sans-SemiBold": 382.428,
  "Sans-SemiBold-Italic-Latin1": 122.93099999999993,
  "Sans-SemiBold-Italic-Latin2": 8.90500000000004,
  "Sans-SemiBold-Italic-Latin3": 49.89699999999998,
  "Sans-SemiBold-Italic-Pi": 276.8060000000001,
  "Sans-SemiBold-Italic": 238.292,
  "Sans": 421.637,
  "Serif-Italic-Latin1": 4.250000000000034,
  "Serif-Italic-Latin2": 7.955999999999994,
  "Serif-Italic-Latin3": 6.32700000000001,
  "Serif-Italic-Pi": 22.500999999999955,
  "Serif-Italic": 506.4080000000001,
  "Serif-Light-Latin1": 6.490000000000009,
  "Serif-Light-Latin2": 143.9389999999999,
  "Serif-Light-Latin3": 7.466000000000077,
  "Serif-Light-Pi": 6.533000000000027,
  "Serif-Light": 406.719,
  "Serif-Light-Italic-Latin1": 39.544999999999845,
  "Serif-Light-Italic-Latin2": 5.9010000000000336,
  "Serif-Light-Italic-Latin3": 33.966999999999985,
  "Serif-Light-Italic-Pi": 9.053999999999963,
  "Serif-Light-Italic": 486.552,
  "Serif-Regular-Latin1": 191.8720000000001,
  "Serif-Regular-Latin2": 19.651000000000028,
  "Serif-Regular-Latin3": 20.524999999999995,
  "Serif-Regular-Pi": 72.45500000000003,
  "Serif-Regular": 349.821,
  "Serif-SemiBold-Latin1": 6.507000000000107,
  "Serif-SemiBold-Latin2": 4.9829999999999925,
  "Serif-SemiBold-Latin3": 270.4080000000001,
  "Serif-SemiBold-Pi": 100.89600000000004,
  "Serif-SemiBold": 491.9610000000001,
  "Serif-SemiBold-Italic-Latin1": 151.87999999999997,
  "Serif-SemiBold-Italic-Latin2": 125.04800000000009,
  "Serif-SemiBold-Italic-Latin3": 158.044,
  "Serif-SemiBold-Italic-Pi": 122.61700000000003,
  "Serif-SemiBold-Italic": 401.3,
  "Serif": 320.997
}
